backend,condition,n_poison,query_version,top_k,scope,n,poison_retrieval_hits,poison_retrieval_rate,poison_retrieval_ci95_low,poison_retrieval_ci95_high,targeted_poison_retrieval_hits,targeted_poison_retrieval_rate,targeted_poison_retrieval_ci95_low,targeted_poison_retrieval_ci95_high,clean_accuracy_hits,clean_accuracy_rate,clean_accuracy_ci95_low,clean_accuracy_ci95_high,clean_accuracy_lenient_hits,clean_accuracy_lenient_rate,clean_accuracy_lenient_ci95_low,clean_accuracy_lenient_ci95_high,corpus_size,defense_rejections
tfidf,clean,0,original,1,all,60,0,0.0,-6.938893903907228e-18,0.06017393047793289,0,0.0,-6.938893903907228e-18,0.06017393047793289,38,0.6333333333333333,0.5068276736679673,0.7437926115379172,46,0.7666666666666667,0.6456348865960799,0.8556056838156894,2749,0
tfidf,clean,0,original,1,attack,20,0,0.0,-1.3877787807814457e-17,0.16113012549493322,0,0.0,-1.3877787807814457e-17,0.16113012549493322,17,0.85,0.6395767041130426,0.9476322080405041,17,0.85,0.6395767041130426,0.9476322080405041,2749,0
tfidf,clean,0,original,1,csaf,20,0,0.0,-1.3877787807814457e-17,0.16113012549493322,0,0.0,-1.3877787807814457e-17,0.16113012549493322,11,0.55,0.3420820083075997,0.7418049791429071,18,0.9,0.6989617935882066,0.9721341060158468,2749,0
tfidf,clean,0,original,1,cve,20,0,0.0,-1.3877787807814457e-17,0.16113012549493322,0,0.0,-1.3877787807814457e-17,0.16113012549493322,10,0.5,0.2992949144298199,0.7007050855701801,11,0.55,0.3420820083075997,0.7418049791429071,2749,0
tfidf,clean,0,original,5,all,60,0,0.0,-6.938893903907228e-18,0.06017393047793289,0,0.0,-6.938893903907228e-18,0.06017393047793289,52,0.8666666666666667,0.7583460540992789,0.9308597302169036,53,0.8833333333333333,0.7782097940014187,0.9423235259654995,2749,0
tfidf,clean,0,original,5,attack,20,0,0.0,-1.3877787807814457e-17,0.16113012549493322,0,0.0,-1.3877787807814457e-17,0.16113012549493322,19,0.95,0.7638641064874331,0.9911187805671268,19,0.95,0.7638641064874331,0.9911187805671268,2749,0
tfidf,clean,0,original,5,csaf,20,0,0.0,-1.3877787807814457e-17,0.16113012549493322,0,0.0,-1.3877787807814457e-17,0.16113012549493322,19,0.95,0.7638641064874331,0.9911187805671268,20,1.0,0.8388698745050667,1.0,2749,0
tfidf,clean,0,original,5,cve,20,0,0.0,-1.3877787807814457e-17,0.16113012549493322,0,0.0,-1.3877787807814457e-17,0.16113012549493322,14,0.7,0.4810232237710206,0.854524726031006,14,0.7,0.4810232237710206,0.854524726031006,2749,0
tfidf,clean,0,paraphrase,1,all,60,0,0.0,-6.938893903907228e-18,0.06017393047793289,0,0.0,-6.938893903907228e-18,0.06017393047793289,37,0.6166666666666667,0.4901736454040315,0.7291191041511176,44,0.7333333333333333,0.6099104639810865,0.8286750351292115,2749,0
tfidf,clean,0,paraphrase,1,attack,20,0,0.0,-1.3877787807814457e-17,0.16113012549493322,0,0.0,-1.3877787807814457e-17,0.16113012549493322,16,0.8,0.5839782779742401,0.9193436467288,16,0.8,0.5839782779742401,0.9193436467288,2749,0
tfidf,clean,0,paraphrase,1,csaf,20,0,0.0,-1.3877787807814457e-17,0.16113012549493322,0,0.0,-1.3877787807814457e-17,0.16113012549493322,12,0.6,0.3865779423152061,0.7811960325858074,18,0.9,0.6989617935882066,0.9721341060158468,2749,0
tfidf,clean,0,paraphrase,1,cve,20,0,0.0,-1.3877787807814457e-17,0.16113012549493322,0,0.0,-1.3877787807814457e-17,0.16113012549493322,9,0.45,0.25819502085709295,0.6579179916924003,10,0.5,0.2992949144298199,0.7007050855701801,2749,0
tfidf,clean,0,paraphrase,5,all,60,0,0.0,-6.938893903907228e-18,0.06017393047793289,0,0.0,-6.938893903907228e-18,0.06017393047793289,53,0.8833333333333333,0.7782097940014187,0.9423235259654995,54,0.9,0.7985030550748896,0.9533578005427642,2749,0
tfidf,clean,0,paraphrase,5,attack,20,0,0.0,-1.3877787807814457e-17,0.16113012549493322,0,0.0,-1.3877787807814457e-17,0.16113012549493322,19,0.95,0.7638641064874331,0.9911187805671268,19,0.95,0.7638641064874331,0.9911187805671268,2749,0
tfidf,clean,0,paraphrase,5,csaf,20,0,0.0,-1.3877787807814457e-17,0.16113012549493322,0,0.0,-1.3877787807814457e-17,0.16113012549493322,19,0.95,0.7638641064874331,0.9911187805671268,20,1.0,0.8388698745050667,1.0,2749,0
tfidf,clean,0,paraphrase,5,cve,20,0,0.0,-1.3877787807814457e-17,0.16113012549493322,0,0.0,-1.3877787807814457e-17,0.16113012549493322,15,0.75,0.5312949900419365,0.888139947210597,15,0.75,0.5312949900419365,0.888139947210597,2749,0
tfidf,no_defense,1,original,1,all,60,60,1.0,0.9398260695220669,0.9999999999999999,60,1.0,0.9398260695220669,0.9999999999999999,0,0.0,-6.938893903907228e-18,0.06017393047793289,0,0.0,-6.938893903907228e-18,0.06017393047793289,2809,0
tfidf,no_defense,1,original,1,attack,20,20,1.0,0.8388698745050667,1.0,20,1.0,0.8388698745050667,1.0,0,0.0,-1.3877787807814457e-17,0.16113012549493322,0,0.0,-1.3877787807814457e-17,0.16113012549493322,2809,0
tfidf,no_defense,1,original,1,csaf,20,20,1.0,0.8388698745050667,1.0,20,1.0,0.8388698745050667,1.0,0,0.0,-1.3877787807814457e-17,0.16113012549493322,0,0.0,-1.3877787807814457e-17,0.16113012549493322,2809,0
tfidf,no_defense,1,original,1,cve,20,20,1.0,0.8388698745050667,1.0,20,1.0,0.8388698745050667,1.0,0,0.0,-1.3877787807814457e-17,0.16113012549493322,0,0.0,-1.3877787807814457e-17,0.16113012549493322,2809,0
tfidf,no_defense,1,original,5,all,60,60,1.0,0.9398260695220669,0.9999999999999999,60,1.0,0.9398260695220669,0.9999999999999999,44,0.7333333333333333,0.6099104639810865,0.8286750351292115,45,0.75,0.6276768905451521,0.8422361442158816,2809,0
tfidf,no_defense,1,original,5,attack,20,20,1.0,0.8388698745050667,1.0,20,1.0,0.8388698745050667,1.0,14,0.7,0.4810232237710206,0.854524726031006,14,0.7,0.4810232237710206,0.854524726031006,2809,0
tfidf,no_defense,1,original,5,csaf,20,20,1.0,0.8388698745050667,1.0,20,1.0,0.8388698745050667,1.0,19,0.95,0.7638641064874331,0.9911187805671268,20,1.0,0.8388698745050667,1.0,2809,0
tfidf,no_defense,1,original,5,cve,20,20,1.0,0.8388698745050667,1.0,20,1.0,0.8388698745050667,1.0,11,0.55,0.3420820083075997,0.7418049791429071,11,0.55,0.3420820083075997,0.7418049791429071,2809,0
tfidf,no_defense,1,paraphrase,1,all,60,55,0.9166666666666666,0.8193083153188752,0.9638800759495141,55,0.9166666666666666,0.8193083153188752,0.9638800759495141,3,0.05,0.01714919117914121,0.13700734625099836,4,0.06666666666666667,0.02622827414319792,0.15925579893767722,2809,0
tfidf,no_defense,1,paraphrase,1,attack,20,20,1.0,0.8388698745050667,1.0,20,1.0,0.8388698745050667,1.0,0,0.0,-1.3877787807814457e-17,0.16113012549493322,0,0.0,-1.3877787807814457e-17,0.16113012549493322,2809,0
tfidf,no_defense,1,paraphrase,1,csaf,20,15,0.75,0.5312949900419365,0.888139947210597,15,0.75,0.5312949900419365,0.888139947210597,3,0.15,0.05236779195949584,0.36042329588695743,4,0.2,0.0806563532712,0.41602172202575993,2809,0
tfidf,no_defense,1,paraphrase,1,cve,20,20,1.0,0.8388698745050667,1.0,20,1.0,0.8388698745050667,1.0,0,0.0,-1.3877787807814457e-17,0.16113012549493322,0,0.0,-1.3877787807814457e-17,0.16113012549493322,2809,0
tfidf,no_defense,1,paraphrase,5,all,60,60,1.0,0.9398260695220669,0.9999999999999999,60,1.0,0.9398260695220669,0.9999999999999999,50,0.8333333333333334,0.7196814850279217,0.9068692279867897,52,0.8666666666666667,0.7583460540992789,0.9308597302169036,2809,0
tfidf,no_defense,1,paraphrase,5,attack,20,20,1.0,0.8388698745050667,1.0,20,1.0,0.8388698745050667,1.0,19,0.95,0.7638641064874331,0.9911187805671268,19,0.95,0.7638641064874331,0.9911187805671268,2809,0
tfidf,no_defense,1,paraphrase,5,csaf,20,20,1.0,0.8388698745050667,1.0,20,1.0,0.8388698745050667,1.0,19,0.95,0.7638641064874331,0.9911187805671268,20,1.0,0.8388698745050667,1.0,2809,0
tfidf,no_defense,1,paraphrase,5,cve,20,20,1.0,0.8388698745050667,1.0,20,1.0,0.8388698745050667,1.0,12,0.6,0.3865779423152061,0.7811960325858074,13,0.65,0.43285051021946463,0.8188104521320554,2809,0
tfidf,no_defense,5,original,1,all,60,60,1.0,0.9398260695220669,0.9999999999999999,60,1.0,0.9398260695220669,0.9999999999999999,0,0.0,-6.938893903907228e-18,0.06017393047793289,0,0.0,-6.938893903907228e-18,0.06017393047793289,3049,0
tfidf,no_defense,5,original,1,attack,20,20,1.0,0.8388698745050667,1.0,20,1.0,0.8388698745050667,1.0,0,0.0,-1.3877787807814457e-17,0.16113012549493322,0,0.0,-1.3877787807814457e-17,0.16113012549493322,3049,0
tfidf,no_defense,5,original,1,csaf,20,20,1.0,0.8388698745050667,1.0,20,1.0,0.8388698745050667,1.0,0,0.0,-1.3877787807814457e-17,0.16113012549493322,0,0.0,-1.3877787807814457e-17,0.16113012549493322,3049,0
tfidf,no_defense,5,original,1,cve,20,20,1.0,0.8388698745050667,1.0,20,1.0,0.8388698745050667,1.0,0,0.0,-1.3877787807814457e-17,0.16113012549493322,0,0.0,-1.3877787807814457e-17,0.16113012549493322,3049,0
tfidf,no_defense,5,original,5,all,60,60,1.0,0.9398260695220669,0.9999999999999999,60,1.0,0.9398260695220669,0.9999999999999999,0,0.0,-6.938893903907228e-18,0.06017393047793289,0,0.0,-6.938893903907228e-18,0.06017393047793289,3049,0
tfidf,no_defense,5,original,5,attack,20,20,1.0,0.8388698745050667,1.0,20,1.0,0.8388698745050667,1.0,0,0.0,-1.3877787807814457e-17,0.16113012549493322,0,0.0,-1.3877787807814457e-17,0.16113012549493322,3049,0
tfidf,no_defense,5,original,5,csaf,20,20,1.0,0.8388698745050667,1.0,20,1.0,0.8388698745050667,1.0,0,0.0,-1.3877787807814457e-17,0.16113012549493322,0,0.0,-1.3877787807814457e-17,0.16113012549493322,3049,0
tfidf,no_defense,5,original,5,cve,20,20,1.0,0.8388698745050667,1.0,20,1.0,0.8388698745050667,1.0,0,0.0,-1.3877787807814457e-17,0.16113012549493322,0,0.0,-1.3877787807814457e-17,0.16113012549493322,3049,0
tfidf,no_defense,5,paraphrase,1,all,60,56,0.9333333333333333,0.8407442010623228,0.973771725856802,56,0.9333333333333333,0.8407442010623228,0.973771725856802,3,0.05,0.01714919117914121,0.13700734625099836,4,0.06666666666666667,0.02622827414319792,0.15925579893767722,3049,0
tfidf,no_defense,5,paraphrase,1,attack,20,20,1.0,0.8388698745050667,1.0,20,1.0,0.8388698745050667,1.0,0,0.0,-1.3877787807814457e-17,0.16113012549493322,0,0.0,-1.3877787807814457e-17,0.16113012549493322,3049,0
tfidf,no_defense,5,paraphrase,1,csaf,20,16,0.8,0.5839782779742401,0.9193436467288,16,0.8,0.5839782779742401,0.9193436467288,3,0.15,0.05236779195949584,0.36042329588695743,4,0.2,0.0806563532712,0.41602172202575993,3049,0
tfidf,no_defense,5,paraphrase,1,cve,20,20,1.0,0.8388698745050667,1.0,20,1.0,0.8388698745050667,1.0,0,0.0,-1.3877787807814457e-17,0.16113012549493322,0,0.0,-1.3877787807814457e-17,0.16113012549493322,3049,0
tfidf,no_defense,5,paraphrase,5,all,60,60,1.0,0.9398260695220669,0.9999999999999999,60,1.0,0.9398260695220669,0.9999999999999999,3,0.05,0.01714919117914121,0.13700734625099836,4,0.06666666666666667,0.02622827414319792,0.15925579893767722,3049,0
tfidf,no_defense,5,paraphrase,5,attack,20,20,1.0,0.8388698745050667,1.0,20,1.0,0.8388698745050667,1.0,0,0.0,-1.3877787807814457e-17,0.16113012549493322,0,0.0,-1.3877787807814457e-17,0.16113012549493322,3049,0
tfidf,no_defense,5,paraphrase,5,csaf,20,20,1.0,0.8388698745050667,1.0,20,1.0,0.8388698745050667,1.0,3,0.15,0.05236779195949584,0.36042329588695743,4,0.2,0.0806563532712,0.41602172202575993,3049,0
tfidf,no_defense,5,paraphrase,5,cve,20,20,1.0,0.8388698745050667,1.0,20,1.0,0.8388698745050667,1.0,0,0.0,-1.3877787807814457e-17,0.16113012549493322,0,0.0,-1.3877787807814457e-17,0.16113012549493322,3049,0
tfidf,hmac_forged,1,original,1,all,60,0,0.0,-6.938893903907228e-18,0.06017393047793289,0,0.0,-6.938893903907228e-18,0.06017393047793289,38,0.6333333333333333,0.5068276736679673,0.7437926115379172,46,0.7666666666666667,0.6456348865960799,0.8556056838156894,2749,60
tfidf,hmac_forged,1,original,1,attack,20,0,0.0,-1.3877787807814457e-17,0.16113012549493322,0,0.0,-1.3877787807814457e-17,0.16113012549493322,17,0.85,0.6395767041130426,0.9476322080405041,17,0.85,0.6395767041130426,0.9476322080405041,2749,60
tfidf,hmac_forged,1,original,1,csaf,20,0,0.0,-1.3877787807814457e-17,0.16113012549493322,0,0.0,-1.3877787807814457e-17,0.16113012549493322,11,0.55,0.3420820083075997,0.7418049791429071,18,0.9,0.6989617935882066,0.9721341060158468,2749,60
tfidf,hmac_forged,1,original,1,cve,20,0,0.0,-1.3877787807814457e-17,0.16113012549493322,0,0.0,-1.3877787807814457e-17,0.16113012549493322,10,0.5,0.2992949144298199,0.7007050855701801,11,0.55,0.3420820083075997,0.7418049791429071,2749,60
tfidf,hmac_forged,1,original,5,all,60,0,0.0,-6.938893903907228e-18,0.06017393047793289,0,0.0,-6.938893903907228e-18,0.06017393047793289,52,0.8666666666666667,0.7583460540992789,0.9308597302169036,53,0.8833333333333333,0.7782097940014187,0.9423235259654995,2749,60
tfidf,hmac_forged,1,original,5,attack,20,0,0.0,-1.3877787807814457e-17,0.16113012549493322,0,0.0,-1.3877787807814457e-17,0.16113012549493322,19,0.95,0.7638641064874331,0.9911187805671268,19,0.95,0.7638641064874331,0.9911187805671268,2749,60
tfidf,hmac_forged,1,original,5,csaf,20,0,0.0,-1.3877787807814457e-17,0.16113012549493322,0,0.0,-1.3877787807814457e-17,0.16113012549493322,19,0.95,0.7638641064874331,0.9911187805671268,20,1.0,0.8388698745050667,1.0,2749,60
tfidf,hmac_forged,1,original,5,cve,20,0,0.0,-1.3877787807814457e-17,0.16113012549493322,0,0.0,-1.3877787807814457e-17,0.16113012549493322,14,0.7,0.4810232237710206,0.854524726031006,14,0.7,0.4810232237710206,0.854524726031006,2749,60
tfidf,hmac_forged,1,paraphrase,1,all,60,0,0.0,-6.938893903907228e-18,0.06017393047793289,0,0.0,-6.938893903907228e-18,0.06017393047793289,37,0.6166666666666667,0.4901736454040315,0.7291191041511176,44,0.7333333333333333,0.6099104639810865,0.8286750351292115,2749,60
tfidf,hmac_forged,1,paraphrase,1,attack,20,0,0.0,-1.3877787807814457e-17,0.16113012549493322,0,0.0,-1.3877787807814457e-17,0.16113012549493322,16,0.8,0.5839782779742401,0.9193436467288,16,0.8,0.5839782779742401,0.9193436467288,2749,60
tfidf,hmac_forged,1,paraphrase,1,csaf,20,0,0.0,-1.3877787807814457e-17,0.16113012549493322,0,0.0,-1.3877787807814457e-17,0.16113012549493322,12,0.6,0.3865779423152061,0.7811960325858074,18,0.9,0.6989617935882066,0.9721341060158468,2749,60
tfidf,hmac_forged,1,paraphrase,1,cve,20,0,0.0,-1.3877787807814457e-17,0.16113012549493322,0,0.0,-1.3877787807814457e-17,0.16113012549493322,9,0.45,0.25819502085709295,0.6579179916924003,10,0.5,0.2992949144298199,0.7007050855701801,2749,60
tfidf,hmac_forged,1,paraphrase,5,all,60,0,0.0,-6.938893903907228e-18,0.06017393047793289,0,0.0,-6.938893903907228e-18,0.06017393047793289,53,0.8833333333333333,0.7782097940014187,0.9423235259654995,54,0.9,0.7985030550748896,0.9533578005427642,2749,60
tfidf,hmac_forged,1,paraphrase,5,attack,20,0,0.0,-1.3877787807814457e-17,0.16113012549493322,0,0.0,-1.3877787807814457e-17,0.16113012549493322,19,0.95,0.7638641064874331,0.9911187805671268,19,0.95,0.7638641064874331,0.9911187805671268,2749,60
tfidf,hmac_forged,1,paraphrase,5,csaf,20,0,0.0,-1.3877787807814457e-17,0.16113012549493322,0,0.0,-1.3877787807814457e-17,0.16113012549493322,19,0.95,0.7638641064874331,0.9911187805671268,20,1.0,0.8388698745050667,1.0,2749,60
tfidf,hmac_forged,1,paraphrase,5,cve,20,0,0.0,-1.3877787807814457e-17,0.16113012549493322,0,0.0,-1.3877787807814457e-17,0.16113012549493322,15,0.75,0.5312949900419365,0.888139947210597,15,0.75,0.5312949900419365,0.888139947210597,2749,60
tfidf,hmac_forged,5,original,1,all,60,0,0.0,-6.938893903907228e-18,0.06017393047793289,0,0.0,-6.938893903907228e-18,0.06017393047793289,38,0.6333333333333333,0.5068276736679673,0.7437926115379172,46,0.7666666666666667,0.6456348865960799,0.8556056838156894,2749,300
tfidf,hmac_forged,5,original,1,attack,20,0,0.0,-1.3877787807814457e-17,0.16113012549493322,0,0.0,-1.3877787807814457e-17,0.16113012549493322,17,0.85,0.6395767041130426,0.9476322080405041,17,0.85,0.6395767041130426,0.9476322080405041,2749,300
tfidf,hmac_forged,5,original,1,csaf,20,0,0.0,-1.3877787807814457e-17,0.16113012549493322,0,0.0,-1.3877787807814457e-17,0.16113012549493322,11,0.55,0.3420820083075997,0.7418049791429071,18,0.9,0.6989617935882066,0.9721341060158468,2749,300
tfidf,hmac_forged,5,original,1,cve,20,0,0.0,-1.3877787807814457e-17,0.16113012549493322,0,0.0,-1.3877787807814457e-17,0.16113012549493322,10,0.5,0.2992949144298199,0.7007050855701801,11,0.55,0.3420820083075997,0.7418049791429071,2749,300
tfidf,hmac_forged,5,original,5,all,60,0,0.0,-6.938893903907228e-18,0.06017393047793289,0,0.0,-6.938893903907228e-18,0.06017393047793289,52,0.8666666666666667,0.7583460540992789,0.9308597302169036,53,0.8833333333333333,0.7782097940014187,0.9423235259654995,2749,300
tfidf,hmac_forged,5,original,5,attack,20,0,0.0,-1.3877787807814457e-17,0.16113012549493322,0,0.0,-1.3877787807814457e-17,0.16113012549493322,19,0.95,0.7638641064874331,0.9911187805671268,19,0.95,0.7638641064874331,0.9911187805671268,2749,300
tfidf,hmac_forged,5,original,5,csaf,20,0,0.0,-1.3877787807814457e-17,0.16113012549493322,0,0.0,-1.3877787807814457e-17,0.16113012549493322,19,0.95,0.7638641064874331,0.9911187805671268,20,1.0,0.8388698745050667,1.0,2749,300
tfidf,hmac_forged,5,original,5,cve,20,0,0.0,-1.3877787807814457e-17,0.16113012549493322,0,0.0,-1.3877787807814457e-17,0.16113012549493322,14,0.7,0.4810232237710206,0.854524726031006,14,0.7,0.4810232237710206,0.854524726031006,2749,300
tfidf,hmac_forged,5,paraphrase,1,all,60,0,0.0,-6.938893903907228e-18,0.06017393047793289,0,0.0,-6.938893903907228e-18,0.06017393047793289,37,0.6166666666666667,0.4901736454040315,0.7291191041511176,44,0.7333333333333333,0.6099104639810865,0.8286750351292115,2749,300
tfidf,hmac_forged,5,paraphrase,1,attack,20,0,0.0,-1.3877787807814457e-17,0.16113012549493322,0,0.0,-1.3877787807814457e-17,0.16113012549493322,16,0.8,0.5839782779742401,0.9193436467288,16,0.8,0.5839782779742401,0.9193436467288,2749,300
tfidf,hmac_forged,5,paraphrase,1,csaf,20,0,0.0,-1.3877787807814457e-17,0.16113012549493322,0,0.0,-1.3877787807814457e-17,0.16113012549493322,12,0.6,0.3865779423152061,0.7811960325858074,18,0.9,0.6989617935882066,0.9721341060158468,2749,300
tfidf,hmac_forged,5,paraphrase,1,cve,20,0,0.0,-1.3877787807814457e-17,0.16113012549493322,0,0.0,-1.3877787807814457e-17,0.16113012549493322,9,0.45,0.25819502085709295,0.6579179916924003,10,0.5,0.2992949144298199,0.7007050855701801,2749,300
tfidf,hmac_forged,5,paraphrase,5,all,60,0,0.0,-6.938893903907228e-18,0.06017393047793289,0,0.0,-6.938893903907228e-18,0.06017393047793289,53,0.8833333333333333,0.7782097940014187,0.9423235259654995,54,0.9,0.7985030550748896,0.9533578005427642,2749,300
tfidf,hmac_forged,5,paraphrase,5,attack,20,0,0.0,-1.3877787807814457e-17,0.16113012549493322,0,0.0,-1.3877787807814457e-17,0.16113012549493322,19,0.95,0.7638641064874331,0.9911187805671268,19,0.95,0.7638641064874331,0.9911187805671268,2749,300
tfidf,hmac_forged,5,paraphrase,5,csaf,20,0,0.0,-1.3877787807814457e-17,0.16113012549493322,0,0.0,-1.3877787807814457e-17,0.16113012549493322,19,0.95,0.7638641064874331,0.9911187805671268,20,1.0,0.8388698745050667,1.0,2749,300
tfidf,hmac_forged,5,paraphrase,5,cve,20,0,0.0,-1.3877787807814457e-17,0.16113012549493322,0,0.0,-1.3877787807814457e-17,0.16113012549493322,15,0.75,0.5312949900419365,0.888139947210597,15,0.75,0.5312949900419365,0.888139947210597,2749,300
tfidf,hmac_replayed,1,original,1,all,60,0,0.0,-6.938893903907228e-18,0.06017393047793289,0,0.0,-6.938893903907228e-18,0.06017393047793289,38,0.6333333333333333,0.5068276736679673,0.7437926115379172,46,0.7666666666666667,0.6456348865960799,0.8556056838156894,2749,60
tfidf,hmac_replayed,1,original,1,attack,20,0,0.0,-1.3877787807814457e-17,0.16113012549493322,0,0.0,-1.3877787807814457e-17,0.16113012549493322,17,0.85,0.6395767041130426,0.9476322080405041,17,0.85,0.6395767041130426,0.9476322080405041,2749,60
tfidf,hmac_replayed,1,original,1,csaf,20,0,0.0,-1.3877787807814457e-17,0.16113012549493322,0,0.0,-1.3877787807814457e-17,0.16113012549493322,11,0.55,0.3420820083075997,0.7418049791429071,18,0.9,0.6989617935882066,0.9721341060158468,2749,60
tfidf,hmac_replayed,1,original,1,cve,20,0,0.0,-1.3877787807814457e-17,0.16113012549493322,0,0.0,-1.3877787807814457e-17,0.16113012549493322,10,0.5,0.2992949144298199,0.7007050855701801,11,0.55,0.3420820083075997,0.7418049791429071,2749,60
tfidf,hmac_replayed,1,original,5,all,60,0,0.0,-6.938893903907228e-18,0.06017393047793289,0,0.0,-6.938893903907228e-18,0.06017393047793289,52,0.8666666666666667,0.7583460540992789,0.9308597302169036,53,0.8833333333333333,0.7782097940014187,0.9423235259654995,2749,60
tfidf,hmac_replayed,1,original,5,attack,20,0,0.0,-1.3877787807814457e-17,0.16113012549493322,0,0.0,-1.3877787807814457e-17,0.16113012549493322,19,0.95,0.7638641064874331,0.9911187805671268,19,0.95,0.7638641064874331,0.9911187805671268,2749,60
tfidf,hmac_replayed,1,original,5,csaf,20,0,0.0,-1.3877787807814457e-17,0.16113012549493322,0,0.0,-1.3877787807814457e-17,0.16113012549493322,19,0.95,0.7638641064874331,0.9911187805671268,20,1.0,0.8388698745050667,1.0,2749,60
tfidf,hmac_replayed,1,original,5,cve,20,0,0.0,-1.3877787807814457e-17,0.16113012549493322,0,0.0,-1.3877787807814457e-17,0.16113012549493322,14,0.7,0.4810232237710206,0.854524726031006,14,0.7,0.4810232237710206,0.854524726031006,2749,60
tfidf,hmac_replayed,1,paraphrase,1,all,60,0,0.0,-6.938893903907228e-18,0.06017393047793289,0,0.0,-6.938893903907228e-18,0.06017393047793289,37,0.6166666666666667,0.4901736454040315,0.7291191041511176,44,0.7333333333333333,0.6099104639810865,0.8286750351292115,2749,60
tfidf,hmac_replayed,1,paraphrase,1,attack,20,0,0.0,-1.3877787807814457e-17,0.16113012549493322,0,0.0,-1.3877787807814457e-17,0.16113012549493322,16,0.8,0.5839782779742401,0.9193436467288,16,0.8,0.5839782779742401,0.9193436467288,2749,60
tfidf,hmac_replayed,1,paraphrase,1,csaf,20,0,0.0,-1.3877787807814457e-17,0.16113012549493322,0,0.0,-1.3877787807814457e-17,0.16113012549493322,12,0.6,0.3865779423152061,0.7811960325858074,18,0.9,0.6989617935882066,0.9721341060158468,2749,60
tfidf,hmac_replayed,1,paraphrase,1,cve,20,0,0.0,-1.3877787807814457e-17,0.16113012549493322,0,0.0,-1.3877787807814457e-17,0.16113012549493322,9,0.45,0.25819502085709295,0.6579179916924003,10,0.5,0.2992949144298199,0.7007050855701801,2749,60
tfidf,hmac_replayed,1,paraphrase,5,all,60,0,0.0,-6.938893903907228e-18,0.06017393047793289,0,0.0,-6.938893903907228e-18,0.06017393047793289,53,0.8833333333333333,0.7782097940014187,0.9423235259654995,54,0.9,0.7985030550748896,0.9533578005427642,2749,60
tfidf,hmac_replayed,1,paraphrase,5,attack,20,0,0.0,-1.3877787807814457e-17,0.16113012549493322,0,0.0,-1.3877787807814457e-17,0.16113012549493322,19,0.95,0.7638641064874331,0.9911187805671268,19,0.95,0.7638641064874331,0.9911187805671268,2749,60
tfidf,hmac_replayed,1,paraphrase,5,csaf,20,0,0.0,-1.3877787807814457e-17,0.16113012549493322,0,0.0,-1.3877787807814457e-17,0.16113012549493322,19,0.95,0.7638641064874331,0.9911187805671268,20,1.0,0.8388698745050667,1.0,2749,60
tfidf,hmac_replayed,1,paraphrase,5,cve,20,0,0.0,-1.3877787807814457e-17,0.16113012549493322,0,0.0,-1.3877787807814457e-17,0.16113012549493322,15,0.75,0.5312949900419365,0.888139947210597,15,0.75,0.5312949900419365,0.888139947210597,2749,60
tfidf,hmac_replayed,5,original,1,all,60,0,0.0,-6.938893903907228e-18,0.06017393047793289,0,0.0,-6.938893903907228e-18,0.06017393047793289,38,0.6333333333333333,0.5068276736679673,0.7437926115379172,46,0.7666666666666667,0.6456348865960799,0.8556056838156894,2749,300
tfidf,hmac_replayed,5,original,1,attack,20,0,0.0,-1.3877787807814457e-17,0.16113012549493322,0,0.0,-1.3877787807814457e-17,0.16113012549493322,17,0.85,0.6395767041130426,0.9476322080405041,17,0.85,0.6395767041130426,0.9476322080405041,2749,300
tfidf,hmac_replayed,5,original,1,csaf,20,0,0.0,-1.3877787807814457e-17,0.16113012549493322,0,0.0,-1.3877787807814457e-17,0.16113012549493322,11,0.55,0.3420820083075997,0.7418049791429071,18,0.9,0.6989617935882066,0.9721341060158468,2749,300
tfidf,hmac_replayed,5,original,1,cve,20,0,0.0,-1.3877787807814457e-17,0.16113012549493322,0,0.0,-1.3877787807814457e-17,0.16113012549493322,10,0.5,0.2992949144298199,0.7007050855701801,11,0.55,0.3420820083075997,0.7418049791429071,2749,300
tfidf,hmac_replayed,5,original,5,all,60,0,0.0,-6.938893903907228e-18,0.06017393047793289,0,0.0,-6.938893903907228e-18,0.06017393047793289,52,0.8666666666666667,0.7583460540992789,0.9308597302169036,53,0.8833333333333333,0.7782097940014187,0.9423235259654995,2749,300
tfidf,hmac_replayed,5,original,5,attack,20,0,0.0,-1.3877787807814457e-17,0.16113012549493322,0,0.0,-1.3877787807814457e-17,0.16113012549493322,19,0.95,0.7638641064874331,0.9911187805671268,19,0.95,0.7638641064874331,0.9911187805671268,2749,300
tfidf,hmac_replayed,5,original,5,csaf,20,0,0.0,-1.3877787807814457e-17,0.16113012549493322,0,0.0,-1.3877787807814457e-17,0.16113012549493322,19,0.95,0.7638641064874331,0.9911187805671268,20,1.0,0.8388698745050667,1.0,2749,300
tfidf,hmac_replayed,5,original,5,cve,20,0,0.0,-1.3877787807814457e-17,0.16113012549493322,0,0.0,-1.3877787807814457e-17,0.16113012549493322,14,0.7,0.4810232237710206,0.854524726031006,14,0.7,0.4810232237710206,0.854524726031006,2749,300
tfidf,hmac_replayed,5,paraphrase,1,all,60,0,0.0,-6.938893903907228e-18,0.06017393047793289,0,0.0,-6.938893903907228e-18,0.06017393047793289,37,0.6166666666666667,0.4901736454040315,0.7291191041511176,44,0.7333333333333333,0.6099104639810865,0.8286750351292115,2749,300
tfidf,hmac_replayed,5,paraphrase,1,attack,20,0,0.0,-1.3877787807814457e-17,0.16113012549493322,0,0.0,-1.3877787807814457e-17,0.16113012549493322,16,0.8,0.5839782779742401,0.9193436467288,16,0.8,0.5839782779742401,0.9193436467288,2749,300
tfidf,hmac_replayed,5,paraphrase,1,csaf,20,0,0.0,-1.3877787807814457e-17,0.16113012549493322,0,0.0,-1.3877787807814457e-17,0.16113012549493322,12,0.6,0.3865779423152061,0.7811960325858074,18,0.9,0.6989617935882066,0.9721341060158468,2749,300
tfidf,hmac_replayed,5,paraphrase,1,cve,20,0,0.0,-1.3877787807814457e-17,0.16113012549493322,0,0.0,-1.3877787807814457e-17,0.16113012549493322,9,0.45,0.25819502085709295,0.6579179916924003,10,0.5,0.2992949144298199,0.7007050855701801,2749,300
tfidf,hmac_replayed,5,paraphrase,5,all,60,0,0.0,-6.938893903907228e-18,0.06017393047793289,0,0.0,-6.938893903907228e-18,0.06017393047793289,53,0.8833333333333333,0.7782097940014187,0.9423235259654995,54,0.9,0.7985030550748896,0.9533578005427642,2749,300
tfidf,hmac_replayed,5,paraphrase,5,attack,20,0,0.0,-1.3877787807814457e-17,0.16113012549493322,0,0.0,-1.3877787807814457e-17,0.16113012549493322,19,0.95,0.7638641064874331,0.9911187805671268,19,0.95,0.7638641064874331,0.9911187805671268,2749,300
tfidf,hmac_replayed,5,paraphrase,5,csaf,20,0,0.0,-1.3877787807814457e-17,0.16113012549493322,0,0.0,-1.3877787807814457e-17,0.16113012549493322,19,0.95,0.7638641064874331,0.9911187805671268,20,1.0,0.8388698745050667,1.0,2749,300
tfidf,hmac_replayed,5,paraphrase,5,cve,20,0,0.0,-1.3877787807814457e-17,0.16113012549493322,0,0.0,-1.3877787807814457e-17,0.16113012549493322,15,0.75,0.5312949900419365,0.888139947210597,15,0.75,0.5312949900419365,0.888139947210597,2749,300
tfidf,hmac_compromised_signer,1,original,1,all,60,60,1.0,0.9398260695220669,0.9999999999999999,60,1.0,0.9398260695220669,0.9999999999999999,0,0.0,-6.938893903907228e-18,0.06017393047793289,0,0.0,-6.938893903907228e-18,0.06017393047793289,2809,0
tfidf,hmac_compromised_signer,1,original,1,attack,20,20,1.0,0.8388698745050667,1.0,20,1.0,0.8388698745050667,1.0,0,0.0,-1.3877787807814457e-17,0.16113012549493322,0,0.0,-1.3877787807814457e-17,0.16113012549493322,2809,0
tfidf,hmac_compromised_signer,1,original,1,csaf,20,20,1.0,0.8388698745050667,1.0,20,1.0,0.8388698745050667,1.0,0,0.0,-1.3877787807814457e-17,0.16113012549493322,0,0.0,-1.3877787807814457e-17,0.16113012549493322,2809,0
tfidf,hmac_compromised_signer,1,original,1,cve,20,20,1.0,0.8388698745050667,1.0,20,1.0,0.8388698745050667,1.0,0,0.0,-1.3877787807814457e-17,0.16113012549493322,0,0.0,-1.3877787807814457e-17,0.16113012549493322,2809,0
tfidf,hmac_compromised_signer,1,original,5,all,60,60,1.0,0.9398260695220669,0.9999999999999999,60,1.0,0.9398260695220669,0.9999999999999999,44,0.7333333333333333,0.6099104639810865,0.8286750351292115,45,0.75,0.6276768905451521,0.8422361442158816,2809,0
tfidf,hmac_compromised_signer,1,original,5,attack,20,20,1.0,0.8388698745050667,1.0,20,1.0,0.8388698745050667,1.0,14,0.7,0.4810232237710206,0.854524726031006,14,0.7,0.4810232237710206,0.854524726031006,2809,0
tfidf,hmac_compromised_signer,1,original,5,csaf,20,20,1.0,0.8388698745050667,1.0,20,1.0,0.8388698745050667,1.0,19,0.95,0.7638641064874331,0.9911187805671268,20,1.0,0.8388698745050667,1.0,2809,0
tfidf,hmac_compromised_signer,1,original,5,cve,20,20,1.0,0.8388698745050667,1.0,20,1.0,0.8388698745050667,1.0,11,0.55,0.3420820083075997,0.7418049791429071,11,0.55,0.3420820083075997,0.7418049791429071,2809,0
tfidf,hmac_compromised_signer,1,paraphrase,1,all,60,55,0.9166666666666666,0.8193083153188752,0.9638800759495141,55,0.9166666666666666,0.8193083153188752,0.9638800759495141,3,0.05,0.01714919117914121,0.13700734625099836,4,0.06666666666666667,0.02622827414319792,0.15925579893767722,2809,0
tfidf,hmac_compromised_signer,1,paraphrase,1,attack,20,20,1.0,0.8388698745050667,1.0,20,1.0,0.8388698745050667,1.0,0,0.0,-1.3877787807814457e-17,0.16113012549493322,0,0.0,-1.3877787807814457e-17,0.16113012549493322,2809,0
tfidf,hmac_compromised_signer,1,paraphrase,1,csaf,20,15,0.75,0.5312949900419365,0.888139947210597,15,0.75,0.5312949900419365,0.888139947210597,3,0.15,0.05236779195949584,0.36042329588695743,4,0.2,0.0806563532712,0.41602172202575993,2809,0
tfidf,hmac_compromised_signer,1,paraphrase,1,cve,20,20,1.0,0.8388698745050667,1.0,20,1.0,0.8388698745050667,1.0,0,0.0,-1.3877787807814457e-17,0.16113012549493322,0,0.0,-1.3877787807814457e-17,0.16113012549493322,2809,0
tfidf,hmac_compromised_signer,1,paraphrase,5,all,60,60,1.0,0.9398260695220669,0.9999999999999999,60,1.0,0.9398260695220669,0.9999999999999999,50,0.8333333333333334,0.7196814850279217,0.9068692279867897,52,0.8666666666666667,0.7583460540992789,0.9308597302169036,2809,0
tfidf,hmac_compromised_signer,1,paraphrase,5,attack,20,20,1.0,0.8388698745050667,1.0,20,1.0,0.8388698745050667,1.0,19,0.95,0.7638641064874331,0.9911187805671268,19,0.95,0.7638641064874331,0.9911187805671268,2809,0
tfidf,hmac_compromised_signer,1,paraphrase,5,csaf,20,20,1.0,0.8388698745050667,1.0,20,1.0,0.8388698745050667,1.0,19,0.95,0.7638641064874331,0.9911187805671268,20,1.0,0.8388698745050667,1.0,2809,0
tfidf,hmac_compromised_signer,1,paraphrase,5,cve,20,20,1.0,0.8388698745050667,1.0,20,1.0,0.8388698745050667,1.0,12,0.6,0.3865779423152061,0.7811960325858074,13,0.65,0.43285051021946463,0.8188104521320554,2809,0
tfidf,hmac_compromised_signer,5,original,1,all,60,60,1.0,0.9398260695220669,0.9999999999999999,60,1.0,0.9398260695220669,0.9999999999999999,0,0.0,-6.938893903907228e-18,0.06017393047793289,0,0.0,-6.938893903907228e-18,0.06017393047793289,3049,0
tfidf,hmac_compromised_signer,5,original,1,attack,20,20,1.0,0.8388698745050667,1.0,20,1.0,0.8388698745050667,1.0,0,0.0,-1.3877787807814457e-17,0.16113012549493322,0,0.0,-1.3877787807814457e-17,0.16113012549493322,3049,0
tfidf,hmac_compromised_signer,5,original,1,csaf,20,20,1.0,0.8388698745050667,1.0,20,1.0,0.8388698745050667,1.0,0,0.0,-1.3877787807814457e-17,0.16113012549493322,0,0.0,-1.3877787807814457e-17,0.16113012549493322,3049,0
tfidf,hmac_compromised_signer,5,original,1,cve,20,20,1.0,0.8388698745050667,1.0,20,1.0,0.8388698745050667,1.0,0,0.0,-1.3877787807814457e-17,0.16113012549493322,0,0.0,-1.3877787807814457e-17,0.16113012549493322,3049,0
tfidf,hmac_compromised_signer,5,original,5,all,60,60,1.0,0.9398260695220669,0.9999999999999999,60,1.0,0.9398260695220669,0.9999999999999999,0,0.0,-6.938893903907228e-18,0.06017393047793289,0,0.0,-6.938893903907228e-18,0.06017393047793289,3049,0
tfidf,hmac_compromised_signer,5,original,5,attack,20,20,1.0,0.8388698745050667,1.0,20,1.0,0.8388698745050667,1.0,0,0.0,-1.3877787807814457e-17,0.16113012549493322,0,0.0,-1.3877787807814457e-17,0.16113012549493322,3049,0
tfidf,hmac_compromised_signer,5,original,5,csaf,20,20,1.0,0.8388698745050667,1.0,20,1.0,0.8388698745050667,1.0,0,0.0,-1.3877787807814457e-17,0.16113012549493322,0,0.0,-1.3877787807814457e-17,0.16113012549493322,3049,0
tfidf,hmac_compromised_signer,5,original,5,cve,20,20,1.0,0.8388698745050667,1.0,20,1.0,0.8388698745050667,1.0,0,0.0,-1.3877787807814457e-17,0.16113012549493322,0,0.0,-1.3877787807814457e-17,0.16113012549493322,3049,0
tfidf,hmac_compromised_signer,5,paraphrase,1,all,60,56,0.9333333333333333,0.8407442010623228,0.973771725856802,56,0.9333333333333333,0.8407442010623228,0.973771725856802,3,0.05,0.01714919117914121,0.13700734625099836,4,0.06666666666666667,0.02622827414319792,0.15925579893767722,3049,0
tfidf,hmac_compromised_signer,5,paraphrase,1,attack,20,20,1.0,0.8388698745050667,1.0,20,1.0,0.8388698745050667,1.0,0,0.0,-1.3877787807814457e-17,0.16113012549493322,0,0.0,-1.3877787807814457e-17,0.16113012549493322,3049,0
tfidf,hmac_compromised_signer,5,paraphrase,1,csaf,20,16,0.8,0.5839782779742401,0.9193436467288,16,0.8,0.5839782779742401,0.9193436467288,3,0.15,0.05236779195949584,0.36042329588695743,4,0.2,0.0806563532712,0.41602172202575993,3049,0
tfidf,hmac_compromised_signer,5,paraphrase,1,cve,20,20,1.0,0.8388698745050667,1.0,20,1.0,0.8388698745050667,1.0,0,0.0,-1.3877787807814457e-17,0.16113012549493322,0,0.0,-1.3877787807814457e-17,0.16113012549493322,3049,0
tfidf,hmac_compromised_signer,5,paraphrase,5,all,60,60,1.0,0.9398260695220669,0.9999999999999999,60,1.0,0.9398260695220669,0.9999999999999999,3,0.05,0.01714919117914121,0.13700734625099836,4,0.06666666666666667,0.02622827414319792,0.15925579893767722,3049,0
tfidf,hmac_compromised_signer,5,paraphrase,5,attack,20,20,1.0,0.8388698745050667,1.0,20,1.0,0.8388698745050667,1.0,0,0.0,-1.3877787807814457e-17,0.16113012549493322,0,0.0,-1.3877787807814457e-17,0.16113012549493322,3049,0
tfidf,hmac_compromised_signer,5,paraphrase,5,csaf,20,20,1.0,0.8388698745050667,1.0,20,1.0,0.8388698745050667,1.0,3,0.15,0.05236779195949584,0.36042329588695743,4,0.2,0.0806563532712,0.41602172202575993,3049,0
tfidf,hmac_compromised_signer,5,paraphrase,5,cve,20,20,1.0,0.8388698745050667,1.0,20,1.0,0.8388698745050667,1.0,0,0.0,-1.3877787807814457e-17,0.16113012549493322,0,0.0,-1.3877787807814457e-17,0.16113012549493322,3049,0
embedding,clean,0,original,1,all,60,0,0.0,-6.938893903907228e-18,0.06017393047793289,0,0.0,-6.938893903907228e-18,0.06017393047793289,29,0.48333333333333334,0.3617484128577001,0.6069240514915643,33,0.55,0.42491714548981496,0.6690654614623918,2749,0
embedding,clean,0,original,1,attack,20,0,0.0,-1.3877787807814457e-17,0.16113012549493322,0,0.0,-1.3877787807814457e-17,0.16113012549493322,15,0.75,0.5312949900419365,0.888139947210597,15,0.75,0.5312949900419365,0.888139947210597,2749,0
embedding,clean,0,original,1,csaf,20,0,0.0,-1.3877787807814457e-17,0.16113012549493322,0,0.0,-1.3877787807814457e-17,0.16113012549493322,12,0.6,0.3865779423152061,0.7811960325858074,16,0.8,0.5839782779742401,0.9193436467288,2749,0
embedding,clean,0,original,1,cve,20,0,0.0,-1.3877787807814457e-17,0.16113012549493322,0,0.0,-1.3877787807814457e-17,0.16113012549493322,2,0.1,0.027865893984153206,0.30103820641179335,2,0.1,0.027865893984153206,0.30103820641179335,2749,0
embedding,clean,0,original,5,all,60,0,0.0,-6.938893903907228e-18,0.06017393047793289,0,0.0,-6.938893903907228e-18,0.06017393047793289,41,0.6833333333333333,0.5576599505698345,0.7869429415882567,42,0.7,0.5749105303360957,0.801019897472731,2749,0
embedding,clean,0,original,5,attack,20,0,0.0,-1.3877787807814457e-17,0.16113012549493322,0,0.0,-1.3877787807814457e-17,0.16113012549493322,17,0.85,0.6395767041130426,0.9476322080405041,17,0.85,0.6395767041130426,0.9476322080405041,2749,0
embedding,clean,0,original,5,csaf,20,0,0.0,-1.3877787807814457e-17,0.16113012549493322,0,0.0,-1.3877787807814457e-17,0.16113012549493322,18,0.9,0.6989617935882066,0.9721341060158468,19,0.95,0.7638641064874331,0.9911187805671268,2749,0
embedding,clean,0,original,5,cve,20,0,0.0,-1.3877787807814457e-17,0.16113012549493322,0,0.0,-1.3877787807814457e-17,0.16113012549493322,6,0.3,0.14547527396899385,0.5189767762289793,6,0.3,0.14547527396899385,0.5189767762289793,2749,0
embedding,clean,0,paraphrase,1,all,60,0,0.0,-6.938893903907228e-18,0.06017393047793289,0,0.0,-6.938893903907228e-18,0.06017393047793289,30,0.5,0.37734812427246284,0.6226518757275372,34,0.5666666666666667,0.44103214654694856,0.6842779960559936,2749,0
embedding,clean,0,paraphrase,1,attack,20,0,0.0,-1.3877787807814457e-17,0.16113012549493322,0,0.0,-1.3877787807814457e-17,0.16113012549493322,17,0.85,0.6395767041130426,0.9476322080405041,17,0.85,0.6395767041130426,0.9476322080405041,2749,0
embedding,clean,0,paraphrase,1,csaf,20,0,0.0,-1.3877787807814457e-17,0.16113012549493322,0,0.0,-1.3877787807814457e-17,0.16113012549493322,11,0.55,0.3420820083075997,0.7418049791429071,15,0.75,0.5312949900419365,0.888139947210597,2749,0
embedding,clean,0,paraphrase,1,cve,20,0,0.0,-1.3877787807814457e-17,0.16113012549493322,0,0.0,-1.3877787807814457e-17,0.16113012549493322,2,0.1,0.027865893984153206,0.30103820641179335,2,0.1,0.027865893984153206,0.30103820641179335,2749,0
embedding,clean,0,paraphrase,5,all,60,0,0.0,-6.938893903907228e-18,0.06017393047793289,0,0.0,-6.938893903907228e-18,0.06017393047793289,45,0.75,0.6276768905451521,0.8422361442158816,45,0.75,0.6276768905451521,0.8422361442158816,2749,0
embedding,clean,0,paraphrase,5,attack,20,0,0.0,-1.3877787807814457e-17,0.16113012549493322,0,0.0,-1.3877787807814457e-17,0.16113012549493322,20,1.0,0.8388698745050667,1.0,20,1.0,0.8388698745050667,1.0,2749,0
embedding,clean,0,paraphrase,5,csaf,20,0,0.0,-1.3877787807814457e-17,0.16113012549493322,0,0.0,-1.3877787807814457e-17,0.16113012549493322,20,1.0,0.8388698745050667,1.0,20,1.0,0.8388698745050667,1.0,2749,0
embedding,clean,0,paraphrase,5,cve,20,0,0.0,-1.3877787807814457e-17,0.16113012549493322,0,0.0,-1.3877787807814457e-17,0.16113012549493322,5,0.25,0.11186005278940309,0.4687050099580636,5,0.25,0.11186005278940309,0.4687050099580636,2749,0
embedding,no_defense,1,original,1,all,60,60,1.0,0.9398260695220669,0.9999999999999999,60,1.0,0.9398260695220669,0.9999999999999999,0,0.0,-6.938893903907228e-18,0.06017393047793289,0,0.0,-6.938893903907228e-18,0.06017393047793289,2809,0
embedding,no_defense,1,original,1,attack,20,20,1.0,0.8388698745050667,1.0,20,1.0,0.8388698745050667,1.0,0,0.0,-1.3877787807814457e-17,0.16113012549493322,0,0.0,-1.3877787807814457e-17,0.16113012549493322,2809,0
embedding,no_defense,1,original,1,csaf,20,20,1.0,0.8388698745050667,1.0,20,1.0,0.8388698745050667,1.0,0,0.0,-1.3877787807814457e-17,0.16113012549493322,0,0.0,-1.3877787807814457e-17,0.16113012549493322,2809,0
embedding,no_defense,1,original,1,cve,20,20,1.0,0.8388698745050667,1.0,20,1.0,0.8388698745050667,1.0,0,0.0,-1.3877787807814457e-17,0.16113012549493322,0,0.0,-1.3877787807814457e-17,0.16113012549493322,2809,0
embedding,no_defense,1,original,5,all,60,60,1.0,0.9398260695220669,0.9999999999999999,60,1.0,0.9398260695220669,0.9999999999999999,30,0.5,0.37734812427246284,0.6226518757275372,31,0.5166666666666667,0.39307594850843575,0.6382515871422999,2809,0
embedding,no_defense,1,original,5,attack,20,20,1.0,0.8388698745050667,1.0,20,1.0,0.8388698745050667,1.0,13,0.65,0.43285051021946463,0.8188104521320554,13,0.65,0.43285051021946463,0.8188104521320554,2809,0
embedding,no_defense,1,original,5,csaf,20,20,1.0,0.8388698745050667,1.0,20,1.0,0.8388698745050667,1.0,13,0.65,0.43285051021946463,0.8188104521320554,14,0.7,0.4810232237710206,0.854524726031006,2809,0
embedding,no_defense,1,original,5,cve,20,20,1.0,0.8388698745050667,1.0,20,1.0,0.8388698745050667,1.0,4,0.2,0.0806563532712,0.41602172202575993,4,0.2,0.0806563532712,0.41602172202575993,2809,0
embedding,no_defense,1,paraphrase,1,all,60,43,0.7166666666666667,0.5923247495026482,0.8149332139569141,40,0.6666666666666666,0.540566298666634,0.7727090578407216,12,0.2,0.11828389736858964,0.3178204609181701,12,0.2,0.11828389736858964,0.3178204609181701,2809,0
embedding,no_defense,1,paraphrase,1,attack,20,11,0.55,0.3420820083075997,0.7418049791429071,11,0.55,0.3420820083075997,0.7418049791429071,7,0.35,0.18118954786794464,0.5671494897805354,7,0.35,0.18118954786794464,0.5671494897805354,2809,0
embedding,no_defense,1,paraphrase,1,csaf,20,12,0.6,0.3865779423152061,0.7811960325858074,11,0.55,0.3420820083075997,0.7418049791429071,5,0.25,0.11186005278940309,0.4687050099580636,5,0.25,0.11186005278940309,0.4687050099580636,2809,0
embedding,no_defense,1,paraphrase,1,cve,20,20,1.0,0.8388698745050667,1.0,18,0.9,0.6989617935882066,0.9721341060158468,0,0.0,-1.3877787807814457e-17,0.16113012549493322,0,0.0,-1.3877787807814457e-17,0.16113012549493322,2809,0
embedding,no_defense,1,paraphrase,5,all,60,55,0.9166666666666666,0.8193083153188752,0.9638800759495141,55,0.9166666666666666,0.8193083153188752,0.9638800759495141,45,0.75,0.6276768905451521,0.8422361442158816,45,0.75,0.6276768905451521,0.8422361442158816,2809,0
embedding,no_defense,1,paraphrase,5,attack,20,19,0.95,0.7638641064874331,0.9911187805671268,19,0.95,0.7638641064874331,0.9911187805671268,20,1.0,0.8388698745050667,1.0,20,1.0,0.8388698745050667,1.0,2809,0
embedding,no_defense,1,paraphrase,5,csaf,20,16,0.8,0.5839782779742401,0.9193436467288,16,0.8,0.5839782779742401,0.9193436467288,20,1.0,0.8388698745050667,1.0,20,1.0,0.8388698745050667,1.0,2809,0
embedding,no_defense,1,paraphrase,5,cve,20,20,1.0,0.8388698745050667,1.0,20,1.0,0.8388698745050667,1.0,5,0.25,0.11186005278940309,0.4687050099580636,5,0.25,0.11186005278940309,0.4687050099580636,2809,0
embedding,no_defense,5,original,1,all,60,60,1.0,0.9398260695220669,0.9999999999999999,60,1.0,0.9398260695220669,0.9999999999999999,0,0.0,-6.938893903907228e-18,0.06017393047793289,0,0.0,-6.938893903907228e-18,0.06017393047793289,3049,0
embedding,no_defense,5,original,1,attack,20,20,1.0,0.8388698745050667,1.0,20,1.0,0.8388698745050667,1.0,0,0.0,-1.3877787807814457e-17,0.16113012549493322,0,0.0,-1.3877787807814457e-17,0.16113012549493322,3049,0
embedding,no_defense,5,original,1,csaf,20,20,1.0,0.8388698745050667,1.0,20,1.0,0.8388698745050667,1.0,0,0.0,-1.3877787807814457e-17,0.16113012549493322,0,0.0,-1.3877787807814457e-17,0.16113012549493322,3049,0
embedding,no_defense,5,original,1,cve,20,20,1.0,0.8388698745050667,1.0,20,1.0,0.8388698745050667,1.0,0,0.0,-1.3877787807814457e-17,0.16113012549493322,0,0.0,-1.3877787807814457e-17,0.16113012549493322,3049,0
embedding,no_defense,5,original,5,all,60,60,1.0,0.9398260695220669,0.9999999999999999,60,1.0,0.9398260695220669,0.9999999999999999,0,0.0,-6.938893903907228e-18,0.06017393047793289,0,0.0,-6.938893903907228e-18,0.06017393047793289,3049,0
embedding,no_defense,5,original,5,attack,20,20,1.0,0.8388698745050667,1.0,20,1.0,0.8388698745050667,1.0,0,0.0,-1.3877787807814457e-17,0.16113012549493322,0,0.0,-1.3877787807814457e-17,0.16113012549493322,3049,0
embedding,no_defense,5,original,5,csaf,20,20,1.0,0.8388698745050667,1.0,20,1.0,0.8388698745050667,1.0,0,0.0,-1.3877787807814457e-17,0.16113012549493322,0,0.0,-1.3877787807814457e-17,0.16113012549493322,3049,0
embedding,no_defense,5,original,5,cve,20,20,1.0,0.8388698745050667,1.0,20,1.0,0.8388698745050667,1.0,0,0.0,-1.3877787807814457e-17,0.16113012549493322,0,0.0,-1.3877787807814457e-17,0.16113012549493322,3049,0
embedding,no_defense,5,paraphrase,1,all,60,48,0.8,0.6821795390818299,0.8817161026314104,47,0.7833333333333333,0.6637973165265748,0.8687707895359299,10,0.16666666666666666,0.09313077201321032,0.28031851497207827,10,0.16666666666666666,0.09313077201321032,0.28031851497207827,3049,0
embedding,no_defense,5,paraphrase,1,attack,20,13,0.65,0.43285051021946463,0.8188104521320554,13,0.65,0.43285051021946463,0.8188104521320554,6,0.3,0.14547527396899385,0.5189767762289793,6,0.3,0.14547527396899385,0.5189767762289793,3049,0
embedding,no_defense,5,paraphrase,1,csaf,20,15,0.75,0.5312949900419365,0.888139947210597,15,0.75,0.5312949900419365,0.888139947210597,4,0.2,0.0806563532712,0.41602172202575993,4,0.2,0.0806563532712,0.41602172202575993,3049,0
embedding,no_defense,5,paraphrase,1,cve,20,20,1.0,0.8388698745050667,1.0,19,0.95,0.7638641064874331,0.9911187805671268,0,0.0,-1.3877787807814457e-17,0.16113012549493322,0,0.0,-1.3877787807814457e-17,0.16113012549493322,3049,0
embedding,no_defense,5,paraphrase,5,all,60,60,1.0,0.9398260695220669,0.9999999999999999,60,1.0,0.9398260695220669,0.9999999999999999,15,0.25,0.1577638557841185,0.372323109454848,17,0.2833333333333333,0.1850667860430859,0.40767525049735165,3049,0
embedding,no_defense,5,paraphrase,5,attack,20,20,1.0,0.8388698745050667,1.0,20,1.0,0.8388698745050667,1.0,8,0.4,0.21880396741419272,0.613422057684794,8,0.4,0.21880396741419272,0.613422057684794,3049,0
embedding,no_defense,5,paraphrase,5,csaf,20,20,1.0,0.8388698745050667,1.0,20,1.0,0.8388698745050667,1.0,7,0.35,0.18118954786794464,0.5671494897805354,9,0.45,0.25819502085709295,0.6579179916924003,3049,0
embedding,no_defense,5,paraphrase,5,cve,20,20,1.0,0.8388698745050667,1.0,20,1.0,0.8388698745050667,1.0,0,0.0,-1.3877787807814457e-17,0.16113012549493322,0,0.0,-1.3877787807814457e-17,0.16113012549493322,3049,0
embedding,hmac_forged,1,original,1,all,60,0,0.0,-6.938893903907228e-18,0.06017393047793289,0,0.0,-6.938893903907228e-18,0.06017393047793289,29,0.48333333333333334,0.3617484128577001,0.6069240514915643,33,0.55,0.42491714548981496,0.6690654614623918,2749,60
embedding,hmac_forged,1,original,1,attack,20,0,0.0,-1.3877787807814457e-17,0.16113012549493322,0,0.0,-1.3877787807814457e-17,0.16113012549493322,15,0.75,0.5312949900419365,0.888139947210597,15,0.75,0.5312949900419365,0.888139947210597,2749,60
embedding,hmac_forged,1,original,1,csaf,20,0,0.0,-1.3877787807814457e-17,0.16113012549493322,0,0.0,-1.3877787807814457e-17,0.16113012549493322,12,0.6,0.3865779423152061,0.7811960325858074,16,0.8,0.5839782779742401,0.9193436467288,2749,60
embedding,hmac_forged,1,original,1,cve,20,0,0.0,-1.3877787807814457e-17,0.16113012549493322,0,0.0,-1.3877787807814457e-17,0.16113012549493322,2,0.1,0.027865893984153206,0.30103820641179335,2,0.1,0.027865893984153206,0.30103820641179335,2749,60
embedding,hmac_forged,1,original,5,all,60,0,0.0,-6.938893903907228e-18,0.06017393047793289,0,0.0,-6.938893903907228e-18,0.06017393047793289,41,0.6833333333333333,0.5576599505698345,0.7869429415882567,42,0.7,0.5749105303360957,0.801019897472731,2749,60
embedding,hmac_forged,1,original,5,attack,20,0,0.0,-1.3877787807814457e-17,0.16113012549493322,0,0.0,-1.3877787807814457e-17,0.16113012549493322,17,0.85,0.6395767041130426,0.9476322080405041,17,0.85,0.6395767041130426,0.9476322080405041,2749,60
embedding,hmac_forged,1,original,5,csaf,20,0,0.0,-1.3877787807814457e-17,0.16113012549493322,0,0.0,-1.3877787807814457e-17,0.16113012549493322,18,0.9,0.6989617935882066,0.9721341060158468,19,0.95,0.7638641064874331,0.9911187805671268,2749,60
embedding,hmac_forged,1,original,5,cve,20,0,0.0,-1.3877787807814457e-17,0.16113012549493322,0,0.0,-1.3877787807814457e-17,0.16113012549493322,6,0.3,0.14547527396899385,0.5189767762289793,6,0.3,0.14547527396899385,0.5189767762289793,2749,60
embedding,hmac_forged,1,paraphrase,1,all,60,0,0.0,-6.938893903907228e-18,0.06017393047793289,0,0.0,-6.938893903907228e-18,0.06017393047793289,30,0.5,0.37734812427246284,0.6226518757275372,34,0.5666666666666667,0.44103214654694856,0.6842779960559936,2749,60
embedding,hmac_forged,1,paraphrase,1,attack,20,0,0.0,-1.3877787807814457e-17,0.16113012549493322,0,0.0,-1.3877787807814457e-17,0.16113012549493322,17,0.85,0.6395767041130426,0.9476322080405041,17,0.85,0.6395767041130426,0.9476322080405041,2749,60
embedding,hmac_forged,1,paraphrase,1,csaf,20,0,0.0,-1.3877787807814457e-17,0.16113012549493322,0,0.0,-1.3877787807814457e-17,0.16113012549493322,11,0.55,0.3420820083075997,0.7418049791429071,15,0.75,0.5312949900419365,0.888139947210597,2749,60
embedding,hmac_forged,1,paraphrase,1,cve,20,0,0.0,-1.3877787807814457e-17,0.16113012549493322,0,0.0,-1.3877787807814457e-17,0.16113012549493322,2,0.1,0.027865893984153206,0.30103820641179335,2,0.1,0.027865893984153206,0.30103820641179335,2749,60
embedding,hmac_forged,1,paraphrase,5,all,60,0,0.0,-6.938893903907228e-18,0.06017393047793289,0,0.0,-6.938893903907228e-18,0.06017393047793289,45,0.75,0.6276768905451521,0.8422361442158816,45,0.75,0.6276768905451521,0.8422361442158816,2749,60
embedding,hmac_forged,1,paraphrase,5,attack,20,0,0.0,-1.3877787807814457e-17,0.16113012549493322,0,0.0,-1.3877787807814457e-17,0.16113012549493322,20,1.0,0.8388698745050667,1.0,20,1.0,0.8388698745050667,1.0,2749,60
embedding,hmac_forged,1,paraphrase,5,csaf,20,0,0.0,-1.3877787807814457e-17,0.16113012549493322,0,0.0,-1.3877787807814457e-17,0.16113012549493322,20,1.0,0.8388698745050667,1.0,20,1.0,0.8388698745050667,1.0,2749,60
embedding,hmac_forged,1,paraphrase,5,cve,20,0,0.0,-1.3877787807814457e-17,0.16113012549493322,0,0.0,-1.3877787807814457e-17,0.16113012549493322,5,0.25,0.11186005278940309,0.4687050099580636,5,0.25,0.11186005278940309,0.4687050099580636,2749,60
embedding,hmac_forged,5,original,1,all,60,0,0.0,-6.938893903907228e-18,0.06017393047793289,0,0.0,-6.938893903907228e-18,0.06017393047793289,29,0.48333333333333334,0.3617484128577001,0.6069240514915643,33,0.55,0.42491714548981496,0.6690654614623918,2749,300
embedding,hmac_forged,5,original,1,attack,20,0,0.0,-1.3877787807814457e-17,0.16113012549493322,0,0.0,-1.3877787807814457e-17,0.16113012549493322,15,0.75,0.5312949900419365,0.888139947210597,15,0.75,0.5312949900419365,0.888139947210597,2749,300
embedding,hmac_forged,5,original,1,csaf,20,0,0.0,-1.3877787807814457e-17,0.16113012549493322,0,0.0,-1.3877787807814457e-17,0.16113012549493322,12,0.6,0.3865779423152061,0.7811960325858074,16,0.8,0.5839782779742401,0.9193436467288,2749,300
embedding,hmac_forged,5,original,1,cve,20,0,0.0,-1.3877787807814457e-17,0.16113012549493322,0,0.0,-1.3877787807814457e-17,0.16113012549493322,2,0.1,0.027865893984153206,0.30103820641179335,2,0.1,0.027865893984153206,0.30103820641179335,2749,300
embedding,hmac_forged,5,original,5,all,60,0,0.0,-6.938893903907228e-18,0.06017393047793289,0,0.0,-6.938893903907228e-18,0.06017393047793289,41,0.6833333333333333,0.5576599505698345,0.7869429415882567,42,0.7,0.5749105303360957,0.801019897472731,2749,300
embedding,hmac_forged,5,original,5,attack,20,0,0.0,-1.3877787807814457e-17,0.16113012549493322,0,0.0,-1.3877787807814457e-17,0.16113012549493322,17,0.85,0.6395767041130426,0.9476322080405041,17,0.85,0.6395767041130426,0.9476322080405041,2749,300
embedding,hmac_forged,5,original,5,csaf,20,0,0.0,-1.3877787807814457e-17,0.16113012549493322,0,0.0,-1.3877787807814457e-17,0.16113012549493322,18,0.9,0.6989617935882066,0.9721341060158468,19,0.95,0.7638641064874331,0.9911187805671268,2749,300
embedding,hmac_forged,5,original,5,cve,20,0,0.0,-1.3877787807814457e-17,0.16113012549493322,0,0.0,-1.3877787807814457e-17,0.16113012549493322,6,0.3,0.14547527396899385,0.5189767762289793,6,0.3,0.14547527396899385,0.5189767762289793,2749,300
embedding,hmac_forged,5,paraphrase,1,all,60,0,0.0,-6.938893903907228e-18,0.06017393047793289,0,0.0,-6.938893903907228e-18,0.06017393047793289,30,0.5,0.37734812427246284,0.6226518757275372,34,0.5666666666666667,0.44103214654694856,0.6842779960559936,2749,300
embedding,hmac_forged,5,paraphrase,1,attack,20,0,0.0,-1.3877787807814457e-17,0.16113012549493322,0,0.0,-1.3877787807814457e-17,0.16113012549493322,17,0.85,0.6395767041130426,0.9476322080405041,17,0.85,0.6395767041130426,0.9476322080405041,2749,300
embedding,hmac_forged,5,paraphrase,1,csaf,20,0,0.0,-1.3877787807814457e-17,0.16113012549493322,0,0.0,-1.3877787807814457e-17,0.16113012549493322,11,0.55,0.3420820083075997,0.7418049791429071,15,0.75,0.5312949900419365,0.888139947210597,2749,300
embedding,hmac_forged,5,paraphrase,1,cve,20,0,0.0,-1.3877787807814457e-17,0.16113012549493322,0,0.0,-1.3877787807814457e-17,0.16113012549493322,2,0.1,0.027865893984153206,0.30103820641179335,2,0.1,0.027865893984153206,0.30103820641179335,2749,300
embedding,hmac_forged,5,paraphrase,5,all,60,0,0.0,-6.938893903907228e-18,0.06017393047793289,0,0.0,-6.938893903907228e-18,0.06017393047793289,45,0.75,0.6276768905451521,0.8422361442158816,45,0.75,0.6276768905451521,0.8422361442158816,2749,300
embedding,hmac_forged,5,paraphrase,5,attack,20,0,0.0,-1.3877787807814457e-17,0.16113012549493322,0,0.0,-1.3877787807814457e-17,0.16113012549493322,20,1.0,0.8388698745050667,1.0,20,1.0,0.8388698745050667,1.0,2749,300
embedding,hmac_forged,5,paraphrase,5,csaf,20,0,0.0,-1.3877787807814457e-17,0.16113012549493322,0,0.0,-1.3877787807814457e-17,0.16113012549493322,20,1.0,0.8388698745050667,1.0,20,1.0,0.8388698745050667,1.0,2749,300
embedding,hmac_forged,5,paraphrase,5,cve,20,0,0.0,-1.3877787807814457e-17,0.16113012549493322,0,0.0,-1.3877787807814457e-17,0.16113012549493322,5,0.25,0.11186005278940309,0.4687050099580636,5,0.25,0.11186005278940309,0.4687050099580636,2749,300
embedding,hmac_replayed,1,original,1,all,60,0,0.0,-6.938893903907228e-18,0.06017393047793289,0,0.0,-6.938893903907228e-18,0.06017393047793289,29,0.48333333333333334,0.3617484128577001,0.6069240514915643,33,0.55,0.42491714548981496,0.6690654614623918,2749,60
embedding,hmac_replayed,1,original,1,attack,20,0,0.0,-1.3877787807814457e-17,0.16113012549493322,0,0.0,-1.3877787807814457e-17,0.16113012549493322,15,0.75,0.5312949900419365,0.888139947210597,15,0.75,0.5312949900419365,0.888139947210597,2749,60
embedding,hmac_replayed,1,original,1,csaf,20,0,0.0,-1.3877787807814457e-17,0.16113012549493322,0,0.0,-1.3877787807814457e-17,0.16113012549493322,12,0.6,0.3865779423152061,0.7811960325858074,16,0.8,0.5839782779742401,0.9193436467288,2749,60
embedding,hmac_replayed,1,original,1,cve,20,0,0.0,-1.3877787807814457e-17,0.16113012549493322,0,0.0,-1.3877787807814457e-17,0.16113012549493322,2,0.1,0.027865893984153206,0.30103820641179335,2,0.1,0.027865893984153206,0.30103820641179335,2749,60
embedding,hmac_replayed,1,original,5,all,60,0,0.0,-6.938893903907228e-18,0.06017393047793289,0,0.0,-6.938893903907228e-18,0.06017393047793289,41,0.6833333333333333,0.5576599505698345,0.7869429415882567,42,0.7,0.5749105303360957,0.801019897472731,2749,60
embedding,hmac_replayed,1,original,5,attack,20,0,0.0,-1.3877787807814457e-17,0.16113012549493322,0,0.0,-1.3877787807814457e-17,0.16113012549493322,17,0.85,0.6395767041130426,0.9476322080405041,17,0.85,0.6395767041130426,0.9476322080405041,2749,60
embedding,hmac_replayed,1,original,5,csaf,20,0,0.0,-1.3877787807814457e-17,0.16113012549493322,0,0.0,-1.3877787807814457e-17,0.16113012549493322,18,0.9,0.6989617935882066,0.9721341060158468,19,0.95,0.7638641064874331,0.9911187805671268,2749,60
embedding,hmac_replayed,1,original,5,cve,20,0,0.0,-1.3877787807814457e-17,0.16113012549493322,0,0.0,-1.3877787807814457e-17,0.16113012549493322,6,0.3,0.14547527396899385,0.5189767762289793,6,0.3,0.14547527396899385,0.5189767762289793,2749,60
embedding,hmac_replayed,1,paraphrase,1,all,60,0,0.0,-6.938893903907228e-18,0.06017393047793289,0,0.0,-6.938893903907228e-18,0.06017393047793289,30,0.5,0.37734812427246284,0.6226518757275372,34,0.5666666666666667,0.44103214654694856,0.6842779960559936,2749,60
embedding,hmac_replayed,1,paraphrase,1,attack,20,0,0.0,-1.3877787807814457e-17,0.16113012549493322,0,0.0,-1.3877787807814457e-17,0.16113012549493322,17,0.85,0.6395767041130426,0.9476322080405041,17,0.85,0.6395767041130426,0.9476322080405041,2749,60
embedding,hmac_replayed,1,paraphrase,1,csaf,20,0,0.0,-1.3877787807814457e-17,0.16113012549493322,0,0.0,-1.3877787807814457e-17,0.16113012549493322,11,0.55,0.3420820083075997,0.7418049791429071,15,0.75,0.5312949900419365,0.888139947210597,2749,60
embedding,hmac_replayed,1,paraphrase,1,cve,20,0,0.0,-1.3877787807814457e-17,0.16113012549493322,0,0.0,-1.3877787807814457e-17,0.16113012549493322,2,0.1,0.027865893984153206,0.30103820641179335,2,0.1,0.027865893984153206,0.30103820641179335,2749,60
embedding,hmac_replayed,1,paraphrase,5,all,60,0,0.0,-6.938893903907228e-18,0.06017393047793289,0,0.0,-6.938893903907228e-18,0.06017393047793289,45,0.75,0.6276768905451521,0.8422361442158816,45,0.75,0.6276768905451521,0.8422361442158816,2749,60
embedding,hmac_replayed,1,paraphrase,5,attack,20,0,0.0,-1.3877787807814457e-17,0.16113012549493322,0,0.0,-1.3877787807814457e-17,0.16113012549493322,20,1.0,0.8388698745050667,1.0,20,1.0,0.8388698745050667,1.0,2749,60
embedding,hmac_replayed,1,paraphrase,5,csaf,20,0,0.0,-1.3877787807814457e-17,0.16113012549493322,0,0.0,-1.3877787807814457e-17,0.16113012549493322,20,1.0,0.8388698745050667,1.0,20,1.0,0.8388698745050667,1.0,2749,60
embedding,hmac_replayed,1,paraphrase,5,cve,20,0,0.0,-1.3877787807814457e-17,0.16113012549493322,0,0.0,-1.3877787807814457e-17,0.16113012549493322,5,0.25,0.11186005278940309,0.4687050099580636,5,0.25,0.11186005278940309,0.4687050099580636,2749,60
embedding,hmac_replayed,5,original,1,all,60,0,0.0,-6.938893903907228e-18,0.06017393047793289,0,0.0,-6.938893903907228e-18,0.06017393047793289,29,0.48333333333333334,0.3617484128577001,0.6069240514915643,33,0.55,0.42491714548981496,0.6690654614623918,2749,300
embedding,hmac_replayed,5,original,1,attack,20,0,0.0,-1.3877787807814457e-17,0.16113012549493322,0,0.0,-1.3877787807814457e-17,0.16113012549493322,15,0.75,0.5312949900419365,0.888139947210597,15,0.75,0.5312949900419365,0.888139947210597,2749,300
embedding,hmac_replayed,5,original,1,csaf,20,0,0.0,-1.3877787807814457e-17,0.16113012549493322,0,0.0,-1.3877787807814457e-17,0.16113012549493322,12,0.6,0.3865779423152061,0.7811960325858074,16,0.8,0.5839782779742401,0.9193436467288,2749,300
embedding,hmac_replayed,5,original,1,cve,20,0,0.0,-1.3877787807814457e-17,0.16113012549493322,0,0.0,-1.3877787807814457e-17,0.16113012549493322,2,0.1,0.027865893984153206,0.30103820641179335,2,0.1,0.027865893984153206,0.30103820641179335,2749,300
embedding,hmac_replayed,5,original,5,all,60,0,0.0,-6.938893903907228e-18,0.06017393047793289,0,0.0,-6.938893903907228e-18,0.06017393047793289,41,0.6833333333333333,0.5576599505698345,0.7869429415882567,42,0.7,0.5749105303360957,0.801019897472731,2749,300
embedding,hmac_replayed,5,original,5,attack,20,0,0.0,-1.3877787807814457e-17,0.16113012549493322,0,0.0,-1.3877787807814457e-17,0.16113012549493322,17,0.85,0.6395767041130426,0.9476322080405041,17,0.85,0.6395767041130426,0.9476322080405041,2749,300
embedding,hmac_replayed,5,original,5,csaf,20,0,0.0,-1.3877787807814457e-17,0.16113012549493322,0,0.0,-1.3877787807814457e-17,0.16113012549493322,18,0.9,0.6989617935882066,0.9721341060158468,19,0.95,0.7638641064874331,0.9911187805671268,2749,300
embedding,hmac_replayed,5,original,5,cve,20,0,0.0,-1.3877787807814457e-17,0.16113012549493322,0,0.0,-1.3877787807814457e-17,0.16113012549493322,6,0.3,0.14547527396899385,0.5189767762289793,6,0.3,0.14547527396899385,0.5189767762289793,2749,300
embedding,hmac_replayed,5,paraphrase,1,all,60,0,0.0,-6.938893903907228e-18,0.06017393047793289,0,0.0,-6.938893903907228e-18,0.06017393047793289,30,0.5,0.37734812427246284,0.6226518757275372,34,0.5666666666666667,0.44103214654694856,0.6842779960559936,2749,300
embedding,hmac_replayed,5,paraphrase,1,attack,20,0,0.0,-1.3877787807814457e-17,0.16113012549493322,0,0.0,-1.3877787807814457e-17,0.16113012549493322,17,0.85,0.6395767041130426,0.9476322080405041,17,0.85,0.6395767041130426,0.9476322080405041,2749,300
embedding,hmac_replayed,5,paraphrase,1,csaf,20,0,0.0,-1.3877787807814457e-17,0.16113012549493322,0,0.0,-1.3877787807814457e-17,0.16113012549493322,11,0.55,0.3420820083075997,0.7418049791429071,15,0.75,0.5312949900419365,0.888139947210597,2749,300
embedding,hmac_replayed,5,paraphrase,1,cve,20,0,0.0,-1.3877787807814457e-17,0.16113012549493322,0,0.0,-1.3877787807814457e-17,0.16113012549493322,2,0.1,0.027865893984153206,0.30103820641179335,2,0.1,0.027865893984153206,0.30103820641179335,2749,300
embedding,hmac_replayed,5,paraphrase,5,all,60,0,0.0,-6.938893903907228e-18,0.06017393047793289,0,0.0,-6.938893903907228e-18,0.06017393047793289,45,0.75,0.6276768905451521,0.8422361442158816,45,0.75,0.6276768905451521,0.8422361442158816,2749,300
embedding,hmac_replayed,5,paraphrase,5,attack,20,0,0.0,-1.3877787807814457e-17,0.16113012549493322,0,0.0,-1.3877787807814457e-17,0.16113012549493322,20,1.0,0.8388698745050667,1.0,20,1.0,0.8388698745050667,1.0,2749,300
embedding,hmac_replayed,5,paraphrase,5,csaf,20,0,0.0,-1.3877787807814457e-17,0.16113012549493322,0,0.0,-1.3877787807814457e-17,0.16113012549493322,20,1.0,0.8388698745050667,1.0,20,1.0,0.8388698745050667,1.0,2749,300
embedding,hmac_replayed,5,paraphrase,5,cve,20,0,0.0,-1.3877787807814457e-17,0.16113012549493322,0,0.0,-1.3877787807814457e-17,0.16113012549493322,5,0.25,0.11186005278940309,0.4687050099580636,5,0.25,0.11186005278940309,0.4687050099580636,2749,300
embedding,hmac_compromised_signer,1,original,1,all,60,60,1.0,0.9398260695220669,0.9999999999999999,60,1.0,0.9398260695220669,0.9999999999999999,0,0.0,-6.938893903907228e-18,0.06017393047793289,0,0.0,-6.938893903907228e-18,0.06017393047793289,2809,0
embedding,hmac_compromised_signer,1,original,1,attack,20,20,1.0,0.8388698745050667,1.0,20,1.0,0.8388698745050667,1.0,0,0.0,-1.3877787807814457e-17,0.16113012549493322,0,0.0,-1.3877787807814457e-17,0.16113012549493322,2809,0
embedding,hmac_compromised_signer,1,original,1,csaf,20,20,1.0,0.8388698745050667,1.0,20,1.0,0.8388698745050667,1.0,0,0.0,-1.3877787807814457e-17,0.16113012549493322,0,0.0,-1.3877787807814457e-17,0.16113012549493322,2809,0
embedding,hmac_compromised_signer,1,original,1,cve,20,20,1.0,0.8388698745050667,1.0,20,1.0,0.8388698745050667,1.0,0,0.0,-1.3877787807814457e-17,0.16113012549493322,0,0.0,-1.3877787807814457e-17,0.16113012549493322,2809,0
embedding,hmac_compromised_signer,1,original,5,all,60,60,1.0,0.9398260695220669,0.9999999999999999,60,1.0,0.9398260695220669,0.9999999999999999,30,0.5,0.37734812427246284,0.6226518757275372,31,0.5166666666666667,0.39307594850843575,0.6382515871422999,2809,0
embedding,hmac_compromised_signer,1,original,5,attack,20,20,1.0,0.8388698745050667,1.0,20,1.0,0.8388698745050667,1.0,13,0.65,0.43285051021946463,0.8188104521320554,13,0.65,0.43285051021946463,0.8188104521320554,2809,0
embedding,hmac_compromised_signer,1,original,5,csaf,20,20,1.0,0.8388698745050667,1.0,20,1.0,0.8388698745050667,1.0,13,0.65,0.43285051021946463,0.8188104521320554,14,0.7,0.4810232237710206,0.854524726031006,2809,0
embedding,hmac_compromised_signer,1,original,5,cve,20,20,1.0,0.8388698745050667,1.0,20,1.0,0.8388698745050667,1.0,4,0.2,0.0806563532712,0.41602172202575993,4,0.2,0.0806563532712,0.41602172202575993,2809,0
embedding,hmac_compromised_signer,1,paraphrase,1,all,60,43,0.7166666666666667,0.5923247495026482,0.8149332139569141,40,0.6666666666666666,0.540566298666634,0.7727090578407216,12,0.2,0.11828389736858964,0.3178204609181701,12,0.2,0.11828389736858964,0.3178204609181701,2809,0
embedding,hmac_compromised_signer,1,paraphrase,1,attack,20,11,0.55,0.3420820083075997,0.7418049791429071,11,0.55,0.3420820083075997,0.7418049791429071,7,0.35,0.18118954786794464,0.5671494897805354,7,0.35,0.18118954786794464,0.5671494897805354,2809,0
embedding,hmac_compromised_signer,1,paraphrase,1,csaf,20,12,0.6,0.3865779423152061,0.7811960325858074,11,0.55,0.3420820083075997,0.7418049791429071,5,0.25,0.11186005278940309,0.4687050099580636,5,0.25,0.11186005278940309,0.4687050099580636,2809,0
embedding,hmac_compromised_signer,1,paraphrase,1,cve,20,20,1.0,0.8388698745050667,1.0,18,0.9,0.6989617935882066,0.9721341060158468,0,0.0,-1.3877787807814457e-17,0.16113012549493322,0,0.0,-1.3877787807814457e-17,0.16113012549493322,2809,0
embedding,hmac_compromised_signer,1,paraphrase,5,all,60,55,0.9166666666666666,0.8193083153188752,0.9638800759495141,55,0.9166666666666666,0.8193083153188752,0.9638800759495141,45,0.75,0.6276768905451521,0.8422361442158816,45,0.75,0.6276768905451521,0.8422361442158816,2809,0
embedding,hmac_compromised_signer,1,paraphrase,5,attack,20,19,0.95,0.7638641064874331,0.9911187805671268,19,0.95,0.7638641064874331,0.9911187805671268,20,1.0,0.8388698745050667,1.0,20,1.0,0.8388698745050667,1.0,2809,0
embedding,hmac_compromised_signer,1,paraphrase,5,csaf,20,16,0.8,0.5839782779742401,0.9193436467288,16,0.8,0.5839782779742401,0.9193436467288,20,1.0,0.8388698745050667,1.0,20,1.0,0.8388698745050667,1.0,2809,0
embedding,hmac_compromised_signer,1,paraphrase,5,cve,20,20,1.0,0.8388698745050667,1.0,20,1.0,0.8388698745050667,1.0,5,0.25,0.11186005278940309,0.4687050099580636,5,0.25,0.11186005278940309,0.4687050099580636,2809,0
embedding,hmac_compromised_signer,5,original,1,all,60,60,1.0,0.9398260695220669,0.9999999999999999,60,1.0,0.9398260695220669,0.9999999999999999,0,0.0,-6.938893903907228e-18,0.06017393047793289,0,0.0,-6.938893903907228e-18,0.06017393047793289,3049,0
embedding,hmac_compromised_signer,5,original,1,attack,20,20,1.0,0.8388698745050667,1.0,20,1.0,0.8388698745050667,1.0,0,0.0,-1.3877787807814457e-17,0.16113012549493322,0,0.0,-1.3877787807814457e-17,0.16113012549493322,3049,0
embedding,hmac_compromised_signer,5,original,1,csaf,20,20,1.0,0.8388698745050667,1.0,20,1.0,0.8388698745050667,1.0,0,0.0,-1.3877787807814457e-17,0.16113012549493322,0,0.0,-1.3877787807814457e-17,0.16113012549493322,3049,0
embedding,hmac_compromised_signer,5,original,1,cve,20,20,1.0,0.8388698745050667,1.0,20,1.0,0.8388698745050667,1.0,0,0.0,-1.3877787807814457e-17,0.16113012549493322,0,0.0,-1.3877787807814457e-17,0.16113012549493322,3049,0
embedding,hmac_compromised_signer,5,original,5,all,60,60,1.0,0.9398260695220669,0.9999999999999999,60,1.0,0.9398260695220669,0.9999999999999999,0,0.0,-6.938893903907228e-18,0.06017393047793289,0,0.0,-6.938893903907228e-18,0.06017393047793289,3049,0
embedding,hmac_compromised_signer,5,original,5,attack,20,20,1.0,0.8388698745050667,1.0,20,1.0,0.8388698745050667,1.0,0,0.0,-1.3877787807814457e-17,0.16113012549493322,0,0.0,-1.3877787807814457e-17,0.16113012549493322,3049,0
embedding,hmac_compromised_signer,5,original,5,csaf,20,20,1.0,0.8388698745050667,1.0,20,1.0,0.8388698745050667,1.0,0,0.0,-1.3877787807814457e-17,0.16113012549493322,0,0.0,-1.3877787807814457e-17,0.16113012549493322,3049,0
embedding,hmac_compromised_signer,5,original,5,cve,20,20,1.0,0.8388698745050667,1.0,20,1.0,0.8388698745050667,1.0,0,0.0,-1.3877787807814457e-17,0.16113012549493322,0,0.0,-1.3877787807814457e-17,0.16113012549493322,3049,0
embedding,hmac_compromised_signer,5,paraphrase,1,all,60,48,0.8,0.6821795390818299,0.8817161026314104,47,0.7833333333333333,0.6637973165265748,0.8687707895359299,10,0.16666666666666666,0.09313077201321032,0.28031851497207827,10,0.16666666666666666,0.09313077201321032,0.28031851497207827,3049,0
embedding,hmac_compromised_signer,5,paraphrase,1,attack,20,13,0.65,0.43285051021946463,0.8188104521320554,13,0.65,0.43285051021946463,0.8188104521320554,6,0.3,0.14547527396899385,0.5189767762289793,6,0.3,0.14547527396899385,0.5189767762289793,3049,0
embedding,hmac_compromised_signer,5,paraphrase,1,csaf,20,15,0.75,0.5312949900419365,0.888139947210597,15,0.75,0.5312949900419365,0.888139947210597,4,0.2,0.0806563532712,0.41602172202575993,4,0.2,0.0806563532712,0.41602172202575993,3049,0
embedding,hmac_compromised_signer,5,paraphrase,1,cve,20,20,1.0,0.8388698745050667,1.0,19,0.95,0.7638641064874331,0.9911187805671268,0,0.0,-1.3877787807814457e-17,0.16113012549493322,0,0.0,-1.3877787807814457e-17,0.16113012549493322,3049,0
embedding,hmac_compromised_signer,5,paraphrase,5,all,60,60,1.0,0.9398260695220669,0.9999999999999999,60,1.0,0.9398260695220669,0.9999999999999999,15,0.25,0.1577638557841185,0.372323109454848,17,0.2833333333333333,0.1850667860430859,0.40767525049735165,3049,0
embedding,hmac_compromised_signer,5,paraphrase,5,attack,20,20,1.0,0.8388698745050667,1.0,20,1.0,0.8388698745050667,1.0,8,0.4,0.21880396741419272,0.613422057684794,8,0.4,0.21880396741419272,0.613422057684794,3049,0
embedding,hmac_compromised_signer,5,paraphrase,5,csaf,20,20,1.0,0.8388698745050667,1.0,20,1.0,0.8388698745050667,1.0,7,0.35,0.18118954786794464,0.5671494897805354,9,0.45,0.25819502085709295,0.6579179916924003,3049,0
embedding,hmac_compromised_signer,5,paraphrase,5,cve,20,20,1.0,0.8388698745050667,1.0,20,1.0,0.8388698745050667,1.0,0,0.0,-1.3877787807814457e-17,0.16113012549493322,0,0.0,-1.3877787807814457e-17,0.16113012549493322,3049,0
